Namespace,Key,Status
"(unknown)","nav.about","USED_IN_CODE_BUT_MISSING"
"(unknown)","about.company.hero.eyebrow","USED_IN_CODE_BUT_MISSING"
"(unknown)","about.company.hero.title","USED_IN_CODE_BUT_MISSING"
"(unknown)","about.company.hero.subtitle","USED_IN_CODE_BUT_MISSING"
"(unknown)","about.company.body.p1","USED_IN_CODE_BUT_MISSING"
"(unknown)","about.company.body.p2","USED_IN_CODE_BUT_MISSING"
"(unknown)","about.company.body.p3","USED_IN_CODE_BUT_MISSING"
"(unknown)","about.company.stats.teachers.label","USED_IN_CODE_BUT_MISSING"
"(unknown)","about.company.stats.teachers.value","USED_IN_CODE_BUT_MISSING"
"(unknown)","about.company.stats.countries.label","USED_IN_CODE_BUT_MISSING"
"(unknown)","about.company.stats.countries.value","USED_IN_CODE_BUT_MISSING"
"(unknown)","about.company.stats.timeSaved.label","USED_IN_CODE_BUT_MISSING"
"(unknown)","about.company.stats.timeSaved.value","USED_IN_CODE_BUT_MISSING"
"(unknown)","founder.hero.headline","USED_IN_CODE_BUT_MISSING"
"(unknown)","founder.hero.subheading","USED_IN_CODE_BUT_MISSING"
"(unknown)","founder.hero.label","USED_IN_CODE_BUT_MISSING"
"(unknown)","founder.hero.name","USED_IN_CODE_BUT_MISSING"
"(unknown)","founder.hero.tagline","USED_IN_CODE_BUT_MISSING"
"(unknown)","founder.journey.title","USED_IN_CODE_BUT_MISSING"
"(unknown)","founder.journey.quote","USED_IN_CODE_BUT_MISSING"
"(unknown)","founder.journey.p1","USED_IN_CODE_BUT_MISSING"
"(unknown)","founder.journey.p2","USED_IN_CODE_BUT_MISSING"
"(unknown)","founder.journey.p3","USED_IN_CODE_BUT_MISSING"
"(unknown)","founder.journey.p4","USED_IN_CODE_BUT_MISSING"
"(unknown)","founder.mission.quote","USED_IN_CODE_BUT_MISSING"
"(unknown)","founder.mission.attribution","USED_IN_CODE_BUT_MISSING"
"(unknown)","founder.whyZaza.title","USED_IN_CODE_BUT_MISSING"
"(unknown)","founder.whyZaza.subtitle","USED_IN_CODE_BUT_MISSING"
"(unknown)","founder.whyZaza.card1.title","USED_IN_CODE_BUT_MISSING"
"(unknown)","founder.whyZaza.card1.body","USED_IN_CODE_BUT_MISSING"
"(unknown)","founder.whyZaza.card2.title","USED_IN_CODE_BUT_MISSING"
"(unknown)","founder.whyZaza.card2.body","USED_IN_CODE_BUT_MISSING"
"(unknown)","founder.whyZaza.card3.title","USED_IN_CODE_BUT_MISSING"
"(unknown)","founder.whyZaza.card3.body","USED_IN_CODE_BUT_MISSING"
"(unknown)","founder.personal.title","USED_IN_CODE_BUT_MISSING"
"(unknown)","founder.personal.message1","USED_IN_CODE_BUT_MISSING"
"(unknown)","founder.personal.message2","USED_IN_CODE_BUT_MISSING"
"(unknown)","founder.personal.message3","USED_IN_CODE_BUT_MISSING"
"(unknown)","founder.personal.name","USED_IN_CODE_BUT_MISSING"
"(unknown)","founder.personal.title2","USED_IN_CODE_BUT_MISSING"
"(unknown)","founder.personal.company","USED_IN_CODE_BUT_MISSING"
"(unknown)","founder.personal.cta","USED_IN_CODE_BUT_MISSING"
"(unknown)","about.overview.values.teacherFirst.title","USED_IN_CODE_BUT_MISSING"
"(unknown)","about.overview.values.teacherFirst.body","USED_IN_CODE_BUT_MISSING"
"(unknown)","about.overview.values.safety.title","USED_IN_CODE_BUT_MISSING"
"(unknown)","about.overview.values.safety.body","USED_IN_CODE_BUT_MISSING"
"(unknown)","about.overview.values.privacy.title","USED_IN_CODE_BUT_MISSING"
"(unknown)","about.overview.values.privacy.body","USED_IN_CODE_BUT_MISSING"
"(unknown)","about.overview.values.evidence.title","USED_IN_CODE_BUT_MISSING"
"(unknown)","about.overview.values.evidence.body","USED_IN_CODE_BUT_MISSING"
"(unknown)","about.overview.timeline.2023.title","USED_IN_CODE_BUT_MISSING"
"(unknown)","about.overview.timeline.2023.body","USED_IN_CODE_BUT_MISSING"
"(unknown)","about.overview.timeline.2024.title","USED_IN_CODE_BUT_MISSING"
"(unknown)","about.overview.timeline.2024.body","USED_IN_CODE_BUT_MISSING"
"(unknown)","about.overview.timeline.2025.title","USED_IN_CODE_BUT_MISSING"
"(unknown)","about.overview.timeline.2025.body","USED_IN_CODE_BUT_MISSING"
"(unknown)","about.overview.hero.eyebrow","USED_IN_CODE_BUT_MISSING"
"(unknown)","about.overview.hero.title","USED_IN_CODE_BUT_MISSING"
"(unknown)","about.overview.hero.subtitle","USED_IN_CODE_BUT_MISSING"
"(unknown)","about.overview.mission.title","USED_IN_CODE_BUT_MISSING"
"(unknown)","about.overview.mission.body","USED_IN_CODE_BUT_MISSING"
"(unknown)","about.overview.values.title","USED_IN_CODE_BUT_MISSING"
"(unknown)","about.overview.timeline.title","USED_IN_CODE_BUT_MISSING"
"(unknown)","about.overview.cta.title","USED_IN_CODE_BUT_MISSING"
"(unknown)","about.overview.cta.body","USED_IN_CODE_BUT_MISSING"
"(unknown)","about.overview.cta.button","USED_IN_CODE_BUT_MISSING"
"(unknown)","openSignupModal","USED_IN_CODE_BUT_MISSING"
"(unknown)"," ","USED_IN_CODE_BUT_MISSING"
"(unknown)","-","USED_IN_CODE_BUT_MISSING"
"(unknown)","\n\n","USED_IN_CODE_BUT_MISSING"
"(unknown)","community.hero.badge","USED_IN_CODE_BUT_MISSING"
"(unknown)","community.hero.titlePrefix","USED_IN_CODE_BUT_MISSING"
"(unknown)","community.hero.titleHighlight","USED_IN_CODE_BUT_MISSING"
"(unknown)","community.hero.subtitle","USED_IN_CODE_BUT_MISSING"
"(unknown)","community.search.placeholder","USED_IN_CODE_BUT_MISSING"
"(unknown)","community.stats.members","USED_IN_CODE_BUT_MISSING"
"(unknown)","community.stats.discussions","USED_IN_CODE_BUT_MISSING"
"(unknown)","community.stats.posts","USED_IN_CODE_BUT_MISSING"
"(unknown)","community.stats.active","USED_IN_CODE_BUT_MISSING"
"(unknown)","community.guidelines.title","USED_IN_CODE_BUT_MISSING"
"(unknown)","community.guidelines.li1","USED_IN_CODE_BUT_MISSING"
"(unknown)","community.guidelines.li2","USED_IN_CODE_BUT_MISSING"
"(unknown)","community.guidelines.li3","USED_IN_CODE_BUT_MISSING"
"(unknown)","community.guidelines.li4","USED_IN_CODE_BUT_MISSING"
"(unknown)","community.guidelines.read","USED_IN_CODE_BUT_MISSING"
"(unknown)","community.related.title","USED_IN_CODE_BUT_MISSING"
"(unknown)","community.related.aiLiteracy.title","USED_IN_CODE_BUT_MISSING"
"(unknown)","community.related.aiLiteracy.desc","USED_IN_CODE_BUT_MISSING"
"(unknown)","community.related.webinars.title","USED_IN_CODE_BUT_MISSING"
"(unknown)","community.related.webinars.desc","USED_IN_CODE_BUT_MISSING"
"(unknown)","community.related.glossary.title","USED_IN_CODE_BUT_MISSING"
"(unknown)","community.related.glossary.desc","USED_IN_CODE_BUT_MISSING"
"(unknown)","community.cta.titlePrefix","USED_IN_CODE_BUT_MISSING"
"(unknown)","community.cta.titleHighlight","USED_IN_CODE_BUT_MISSING"
"(unknown)","community.cta.primary","USED_IN_CODE_BUT_MISSING"
"(unknown)","community.cta.secondary","USED_IN_CODE_BUT_MISSING"
"(unknown)","nav.home","USED_IN_CODE_BUT_MISSING"
"(unknown)","contact.title","USED_IN_CODE_BUT_MISSING"
"(unknown)","contact.subtitle","USED_IN_CODE_BUT_MISSING"
"(unknown)","contact.form.success","USED_IN_CODE_BUT_MISSING"
"(unknown)","contact.form.name","USED_IN_CODE_BUT_MISSING"
"(unknown)","contact.form.email","USED_IN_CODE_BUT_MISSING"
"(unknown)","contact.form.message","USED_IN_CODE_BUT_MISSING"
"(unknown)","contact.form.placeholder","USED_IN_CODE_BUT_MISSING"
"(unknown)","contact.form.error","USED_IN_CODE_BUT_MISSING"
"(unknown)","contact.form.sending","USED_IN_CODE_BUT_MISSING"
"(unknown)","contact.form.submit","USED_IN_CODE_BUT_MISSING"
"(unknown)","contact.form.dataNote","USED_IN_CODE_BUT_MISSING"
"(unknown)","contact.direct.title","USED_IN_CODE_BUT_MISSING"
"(unknown)","contact.direct.email","USED_IN_CODE_BUT_MISSING"
"(unknown)","contact.direct.response","USED_IN_CODE_BUT_MISSING"
"(unknown)","contact.help.title","USED_IN_CODE_BUT_MISSING"
"(unknown)","contact.help.description","USED_IN_CODE_BUT_MISSING"
"(unknown)","contact.help.faq","USED_IN_CODE_BUT_MISSING"
"(unknown)","contact.help.support","USED_IN_CODE_BUT_MISSING"
"(unknown)","faq.category.about.title","USED_IN_CODE_BUT_MISSING"
"(unknown)","faq.about.q1","USED_IN_CODE_BUT_MISSING"
"(unknown)","faq.about.a1","USED_IN_CODE_BUT_MISSING"
"(unknown)","faq.about.q2","USED_IN_CODE_BUT_MISSING"
"(unknown)","faq.about.a2","USED_IN_CODE_BUT_MISSING"
"(unknown)","faq.about.q3","USED_IN_CODE_BUT_MISSING"
"(unknown)","faq.about.a3","USED_IN_CODE_BUT_MISSING"
"(unknown)","faq.about.q4","USED_IN_CODE_BUT_MISSING"
"(unknown)","faq.about.a4","USED_IN_CODE_BUT_MISSING"
"(unknown)","faq.about.q5","USED_IN_CODE_BUT_MISSING"
"(unknown)","faq.about.a5","USED_IN_CODE_BUT_MISSING"
"(unknown)","faq.about.q6","USED_IN_CODE_BUT_MISSING"
"(unknown)","faq.about.a6","USED_IN_CODE_BUT_MISSING"
"(unknown)","faq.about.q7","USED_IN_CODE_BUT_MISSING"
"(unknown)","faq.about.a7","USED_IN_CODE_BUT_MISSING"
"(unknown)","faq.about.q8","USED_IN_CODE_BUT_MISSING"
"(unknown)","faq.about.a8","USED_IN_CODE_BUT_MISSING"
"(unknown)","faq.about.q9","USED_IN_CODE_BUT_MISSING"
"(unknown)","faq.about.a9","USED_IN_CODE_BUT_MISSING"
"(unknown)","faq.about.q10","USED_IN_CODE_BUT_MISSING"
"(unknown)","faq.about.a10","USED_IN_CODE_BUT_MISSING"
"(unknown)","faq.about.q11","USED_IN_CODE_BUT_MISSING"
"(unknown)","faq.about.a11","USED_IN_CODE_BUT_MISSING"
"(unknown)","faq.category.safety.title","USED_IN_CODE_BUT_MISSING"
"(unknown)","faq.safety.q1","USED_IN_CODE_BUT_MISSING"
"(unknown)","faq.safety.a1","USED_IN_CODE_BUT_MISSING"
"(unknown)","faq.safety.q2","USED_IN_CODE_BUT_MISSING"
"(unknown)","faq.safety.a2","USED_IN_CODE_BUT_MISSING"
"(unknown)","faq.safety.q3","USED_IN_CODE_BUT_MISSING"
"(unknown)","faq.safety.a3","USED_IN_CODE_BUT_MISSING"
"(unknown)","faq.safety.q4","USED_IN_CODE_BUT_MISSING"
"(unknown)","faq.safety.a4","USED_IN_CODE_BUT_MISSING"
"(unknown)","faq.safety.q5","USED_IN_CODE_BUT_MISSING"
"(unknown)","faq.safety.a5","USED_IN_CODE_BUT_MISSING"
"(unknown)","faq.safety.q6","USED_IN_CODE_BUT_MISSING"
"(unknown)","faq.safety.a6","USED_IN_CODE_BUT_MISSING"
"(unknown)","faq.category.features.title","USED_IN_CODE_BUT_MISSING"
"(unknown)","faq.features.q1","USED_IN_CODE_BUT_MISSING"
"(unknown)","faq.features.a1","USED_IN_CODE_BUT_MISSING"
"(unknown)","faq.features.q2","USED_IN_CODE_BUT_MISSING"
"(unknown)","faq.features.a2","USED_IN_CODE_BUT_MISSING"
"(unknown)","faq.features.q3","USED_IN_CODE_BUT_MISSING"
"(unknown)","faq.features.a3","USED_IN_CODE_BUT_MISSING"
"(unknown)","faq.features.q4","USED_IN_CODE_BUT_MISSING"
"(unknown)","faq.features.a4","USED_IN_CODE_BUT_MISSING"
"(unknown)","faq.features.q5","USED_IN_CODE_BUT_MISSING"
"(unknown)","faq.features.a5","USED_IN_CODE_BUT_MISSING"
"(unknown)","faq.features.q6","USED_IN_CODE_BUT_MISSING"
"(unknown)","faq.features.a6","USED_IN_CODE_BUT_MISSING"
"(unknown)","faq.category.pricing.title","USED_IN_CODE_BUT_MISSING"
"(unknown)","faq.pricing.q1","USED_IN_CODE_BUT_MISSING"
"(unknown)","faq.pricing.a1","USED_IN_CODE_BUT_MISSING"
"(unknown)","faq.pricing.q2","USED_IN_CODE_BUT_MISSING"
"(unknown)","faq.pricing.a2","USED_IN_CODE_BUT_MISSING"
"(unknown)","faq.pricing.q3","USED_IN_CODE_BUT_MISSING"
"(unknown)","faq.pricing.a3","USED_IN_CODE_BUT_MISSING"
"(unknown)","faq.pricing.q4","USED_IN_CODE_BUT_MISSING"
"(unknown)","faq.pricing.a4","USED_IN_CODE_BUT_MISSING"
"(unknown)","faq.category.languages.title","USED_IN_CODE_BUT_MISSING"
"(unknown)","faq.languages.q1","USED_IN_CODE_BUT_MISSING"
"(unknown)","faq.languages.a1","USED_IN_CODE_BUT_MISSING"
"(unknown)","faq.languages.q2","USED_IN_CODE_BUT_MISSING"
"(unknown)","faq.languages.a2","USED_IN_CODE_BUT_MISSING"
"(unknown)","faq.languages.q3","USED_IN_CODE_BUT_MISSING"
"(unknown)","faq.languages.a3","USED_IN_CODE_BUT_MISSING"
"(unknown)","faq.category.schools.title","USED_IN_CODE_BUT_MISSING"
"(unknown)","faq.schools.q1","USED_IN_CODE_BUT_MISSING"
"(unknown)","faq.schools.a1","USED_IN_CODE_BUT_MISSING"
"(unknown)","faq.schools.q2","USED_IN_CODE_BUT_MISSING"
"(unknown)","faq.schools.a2","USED_IN_CODE_BUT_MISSING"
"(unknown)","nav.faq","USED_IN_CODE_BUT_MISSING"
"(unknown)","faq.hero.eyebrow","USED_IN_CODE_BUT_MISSING"
"(unknown)","faq.hero.title","USED_IN_CODE_BUT_MISSING"
"(unknown)","faq.hero.subtitle","USED_IN_CODE_BUT_MISSING"
"(unknown)","faq.cta.title","USED_IN_CODE_BUT_MISSING"
"(unknown)","faq.cta.subtitle","USED_IN_CODE_BUT_MISSING"
"(unknown)","faq.cta.button","USED_IN_CODE_BUT_MISSING"
"(unknown)","features.toneTutor.title","USED_IN_CODE_BUT_MISSING"
"(unknown)","features.toneTutor.desc","USED_IN_CODE_BUT_MISSING"
"(unknown)","features.safer.title","USED_IN_CODE_BUT_MISSING"
"(unknown)","features.safer.desc","USED_IN_CODE_BUT_MISSING"
"(unknown)","features.translation.title","USED_IN_CODE_BUT_MISSING"
"(unknown)","features.translation.desc","USED_IN_CODE_BUT_MISSING"
"(unknown)","features.export.title","USED_IN_CODE_BUT_MISSING"
"(unknown)","features.export.desc","USED_IN_CODE_BUT_MISSING"
"(unknown)","features.variants.title","USED_IN_CODE_BUT_MISSING"
"(unknown)","features.variants.desc","USED_IN_CODE_BUT_MISSING"
"(unknown)","features.title","USED_IN_CODE_BUT_MISSING"
"(unknown)","features.subtitle","USED_IN_CODE_BUT_MISSING"
"(unknown)","features.how.title","USED_IN_CODE_BUT_MISSING"
"(unknown)","features.how.subtitle","USED_IN_CODE_BUT_MISSING"
"(unknown)","features.how.step1.title","USED_IN_CODE_BUT_MISSING"
"(unknown)","features.how.step1.desc","USED_IN_CODE_BUT_MISSING"
"(unknown)","features.how.step2.title","USED_IN_CODE_BUT_MISSING"
"(unknown)","features.how.step2.desc","USED_IN_CODE_BUT_MISSING"
"(unknown)","features.how.step3.title","USED_IN_CODE_BUT_MISSING"
"(unknown)","features.how.step3.desc","USED_IN_CODE_BUT_MISSING"
"(unknown)","features.cta.title","USED_IN_CODE_BUT_MISSING"
"(unknown)","features.cta.subtitle","USED_IN_CODE_BUT_MISSING"
"(unknown)","features.cta.primary","USED_IN_CODE_BUT_MISSING"
"(unknown)","demo.tabs.parentEmail","USED_IN_CODE_BUT_MISSING"
"(unknown)","demo.email.before","USED_IN_CODE_BUT_MISSING"
"(unknown)","demo.email.after","USED_IN_CODE_BUT_MISSING"
"(unknown)","demo.tabs.reportCard","USED_IN_CODE_BUT_MISSING"
"(unknown)","demo.report.before","USED_IN_CODE_BUT_MISSING"
"(unknown)","demo.report.after","USED_IN_CODE_BUT_MISSING"
"(unknown)","demo.tabs.gradingComment","USED_IN_CODE_BUT_MISSING"
"(unknown)","demo.grading.before","USED_IN_CODE_BUT_MISSING"
"(unknown)","demo.grading.after","USED_IN_CODE_BUT_MISSING"
"(unknown)","testimonials.quote1.text","USED_IN_CODE_BUT_MISSING"
"(unknown)","testimonials.quote1.author","USED_IN_CODE_BUT_MISSING"
"(unknown)","testimonials.quote1.name","USED_IN_CODE_BUT_MISSING"
"(unknown)","testimonials.quote2.text","USED_IN_CODE_BUT_MISSING"
"(unknown)","testimonials.quote2.author","USED_IN_CODE_BUT_MISSING"
"(unknown)","testimonials.quote2.name","USED_IN_CODE_BUT_MISSING"
"(unknown)","testimonials.quote3.text","USED_IN_CODE_BUT_MISSING"
"(unknown)","testimonials.quote3.author","USED_IN_CODE_BUT_MISSING"
"(unknown)","testimonials.quote3.name","USED_IN_CODE_BUT_MISSING"
"(unknown)","hero.eyebrow","USED_IN_CODE_BUT_MISSING"
"(unknown)","hero.badge","USED_IN_CODE_BUT_MISSING"
"(unknown)","hero.headline","USED_IN_CODE_BUT_MISSING"
"(unknown)","hero.headlineAccent","USED_IN_CODE_BUT_MISSING"
"(unknown)","hero.subheading","USED_IN_CODE_BUT_MISSING"
"(unknown)","hero.ctaPrimary","USED_IN_CODE_BUT_MISSING"
"(unknown)","hero.ctaSecondary","USED_IN_CODE_BUT_MISSING"
"(unknown)","hero.trustIndicators.hallucinationSafe","USED_IN_CODE_BUT_MISSING"
"(unknown)","hallucinationSafe.tooltip.heading","USED_IN_CODE_BUT_MISSING"
"(unknown)","hallucinationSafe.tooltip.body","USED_IN_CODE_BUT_MISSING"
"(unknown)","hero.trustIndicators.ferpaCompliant","USED_IN_CODE_BUT_MISSING"
"(unknown)","hero.trustIndicators.teachers","USED_IN_CODE_BUT_MISSING"
"(unknown)","problem.heading","USED_IN_CODE_BUT_MISSING"
"(unknown)","problem.body","USED_IN_CODE_BUT_MISSING"
"(unknown)","problem.stats.parentEmails.value","USED_IN_CODE_BUT_MISSING"
"(unknown)","problem.stats.parentEmails.label","USED_IN_CODE_BUT_MISSING"
"(unknown)","problem.stats.reportCards.value","USED_IN_CODE_BUT_MISSING"
"(unknown)","problem.stats.reportCards.label","USED_IN_CODE_BUT_MISSING"
"(unknown)","problem.stats.gradingFeedback.value","USED_IN_CODE_BUT_MISSING"
"(unknown)","problem.stats.gradingFeedback.label","USED_IN_CODE_BUT_MISSING"
"(unknown)","solution.heading","USED_IN_CODE_BUT_MISSING"
"(unknown)","solution.bodyPrimary","USED_IN_CODE_BUT_MISSING"
"(unknown)","solution.bodySecondary","USED_IN_CODE_BUT_MISSING"
"(unknown)","stats.documentsRefined.number","USED_IN_CODE_BUT_MISSING"
"(unknown)","stats.documentsRefined.label","USED_IN_CODE_BUT_MISSING"
"(unknown)","stats.teachers.number","USED_IN_CODE_BUT_MISSING"
"(unknown)","stats.teachers.label","USED_IN_CODE_BUT_MISSING"
"(unknown)","stats.timeSaved.number","USED_IN_CODE_BUT_MISSING"
"(unknown)","stats.timeSaved.label","USED_IN_CODE_BUT_MISSING"
"(unknown)","stats.subtitle","USED_IN_CODE_BUT_MISSING"
"(unknown)","howItWorks.heading","USED_IN_CODE_BUT_MISSING"
"(unknown)","howItWorks.diagram.step1.title","USED_IN_CODE_BUT_MISSING"
"(unknown)","howItWorks.diagram.step1.description","USED_IN_CODE_BUT_MISSING"
"(unknown)","howItWorks.diagram.step1.example","USED_IN_CODE_BUT_MISSING"
"(unknown)","howItWorks.diagram.step2.title","USED_IN_CODE_BUT_MISSING"
"(unknown)","howItWorks.diagram.step2.description","USED_IN_CODE_BUT_MISSING"
"(unknown)","howItWorks.diagram.step2.example","USED_IN_CODE_BUT_MISSING"
"(unknown)","howItWorks.diagram.step3.title","USED_IN_CODE_BUT_MISSING"
"(unknown)","howItWorks.diagram.step3.description","USED_IN_CODE_BUT_MISSING"
"(unknown)","howItWorks.diagram.step3.example","USED_IN_CODE_BUT_MISSING"
"(unknown)","howItWorks.steps.step1.number","USED_IN_CODE_BUT_MISSING"
"(unknown)","howItWorks.steps.step1.title","USED_IN_CODE_BUT_MISSING"
"(unknown)","howItWorks.steps.step1.description","USED_IN_CODE_BUT_MISSING"
"(unknown)","howItWorks.steps.step2.number","USED_IN_CODE_BUT_MISSING"
"(unknown)","howItWorks.steps.step2.title","USED_IN_CODE_BUT_MISSING"
"(unknown)","howItWorks.steps.step2.description","USED_IN_CODE_BUT_MISSING"
"(unknown)","howItWorks.steps.step3.number","USED_IN_CODE_BUT_MISSING"
"(unknown)","howItWorks.steps.step3.title","USED_IN_CODE_BUT_MISSING"
"(unknown)","howItWorks.steps.step3.description","USED_IN_CODE_BUT_MISSING"
"(unknown)","demo.heading","USED_IN_CODE_BUT_MISSING"
"(unknown)","demo.before.label","USED_IN_CODE_BUT_MISSING"
"(unknown)","demo.toneSelector","USED_IN_CODE_BUT_MISSING"
"(unknown)","demo.ctaButton","USED_IN_CODE_BUT_MISSING"
"(unknown)","demo.after.label","USED_IN_CODE_BUT_MISSING"
"(unknown)","demo.tryItYourself","USED_IN_CODE_BUT_MISSING"
"(unknown)","demo.testimonial.name","USED_IN_CODE_BUT_MISSING"
"(unknown)","demo.testimonial.quote","USED_IN_CODE_BUT_MISSING"
"(unknown)","demo.testimonial.author","USED_IN_CODE_BUT_MISSING"
"(unknown)","useCases.heading","USED_IN_CODE_BUT_MISSING"
"(unknown)","useCases.cards.parentMessages.title","USED_IN_CODE_BUT_MISSING"
"(unknown)","useCases.cards.parentMessages.description","USED_IN_CODE_BUT_MISSING"
"(unknown)","useCases.cards.parentMessages.examples","USED_IN_CODE_BUT_MISSING"
"(unknown)","useCases.cards.reportCards.title","USED_IN_CODE_BUT_MISSING"
"(unknown)","useCases.cards.reportCards.description","USED_IN_CODE_BUT_MISSING"
"(unknown)","useCases.cards.reportCards.examples","USED_IN_CODE_BUT_MISSING"
"(unknown)","useCases.cards.gradingComments.title","USED_IN_CODE_BUT_MISSING"
"(unknown)","useCases.cards.gradingComments.description","USED_IN_CODE_BUT_MISSING"
"(unknown)","useCases.cards.gradingComments.examples","USED_IN_CODE_BUT_MISSING"
"(unknown)","useCases.cards.schoolCommunications.title","USED_IN_CODE_BUT_MISSING"
"(unknown)","useCases.cards.schoolCommunications.description","USED_IN_CODE_BUT_MISSING"
"(unknown)","useCases.cards.schoolCommunications.examples","USED_IN_CODE_BUT_MISSING"
"(unknown)","useCases.cards.referenceLetters.title","USED_IN_CODE_BUT_MISSING"
"(unknown)","useCases.cards.referenceLetters.description","USED_IN_CODE_BUT_MISSING"
"(unknown)","useCases.cards.referenceLetters.examples","USED_IN_CODE_BUT_MISSING"
"(unknown)","useCases.cards.documentation.title","USED_IN_CODE_BUT_MISSING"
"(unknown)","useCases.cards.documentation.description","USED_IN_CODE_BUT_MISSING"
"(unknown)","useCases.cards.documentation.examples","USED_IN_CODE_BUT_MISSING"
"(unknown)","comparison.heading","USED_IN_CODE_BUT_MISSING"
"(unknown)","comparison.subheading","USED_IN_CODE_BUT_MISSING"
"(unknown)","comparison.tableHeaders.feature","USED_IN_CODE_BUT_MISSING"
"(unknown)","comparison.tableHeaders.genericAI","USED_IN_CODE_BUT_MISSING"
"(unknown)","comparison.tableHeaders.zazaDraft","USED_IN_CODE_BUT_MISSING"
"(unknown)","comparison.rows.training.feature","USED_IN_CODE_BUT_MISSING"
"(unknown)","comparison.rows.training.generic","USED_IN_CODE_BUT_MISSING"
"(unknown)","comparison.rows.training.zaza","USED_IN_CODE_BUT_MISSING"
"(unknown)","comparison.rows.safety.feature","USED_IN_CODE_BUT_MISSING"
"(unknown)","comparison.rows.safety.generic","USED_IN_CODE_BUT_MISSING"
"(unknown)","comparison.rows.safety.zaza","USED_IN_CODE_BUT_MISSING"
"(unknown)","comparison.rows.toneControl.feature","USED_IN_CODE_BUT_MISSING"
"(unknown)","comparison.rows.toneControl.generic","USED_IN_CODE_BUT_MISSING"
"(unknown)","comparison.rows.toneControl.zaza","USED_IN_CODE_BUT_MISSING"
"(unknown)","comparison.rows.compliance.feature","USED_IN_CODE_BUT_MISSING"
"(unknown)","comparison.rows.compliance.generic","USED_IN_CODE_BUT_MISSING"
"(unknown)","comparison.rows.compliance.zaza","USED_IN_CODE_BUT_MISSING"
"(unknown)","comparison.rows.useCases.feature","USED_IN_CODE_BUT_MISSING"
"(unknown)","comparison.rows.useCases.generic","USED_IN_CODE_BUT_MISSING"
"(unknown)","comparison.rows.useCases.zaza","USED_IN_CODE_BUT_MISSING"
"(unknown)","comparison.rows.outputQuality.feature","USED_IN_CODE_BUT_MISSING"
"(unknown)","comparison.rows.outputQuality.generic","USED_IN_CODE_BUT_MISSING"
"(unknown)","comparison.rows.outputQuality.zaza","USED_IN_CODE_BUT_MISSING"
"(unknown)","comparison.rows.learningCurve.feature","USED_IN_CODE_BUT_MISSING"
"(unknown)","comparison.rows.learningCurve.generic","USED_IN_CODE_BUT_MISSING"
"(unknown)","comparison.rows.learningCurve.zaza","USED_IN_CODE_BUT_MISSING"
"(unknown)","comparison.rows.community.feature","USED_IN_CODE_BUT_MISSING"
"(unknown)","comparison.rows.community.generic","USED_IN_CODE_BUT_MISSING"
"(unknown)","comparison.rows.community.zaza","USED_IN_CODE_BUT_MISSING"
"(unknown)","whyChoose.heading","USED_IN_CODE_BUT_MISSING"
"(unknown)","whyChoose.benefits.beatWritersBlock.title","USED_IN_CODE_BUT_MISSING"
"(unknown)","whyChoose.benefits.beatWritersBlock.description","USED_IN_CODE_BUT_MISSING"
"(unknown)","whyChoose.benefits.writeWithConfidence.title","USED_IN_CODE_BUT_MISSING"
"(unknown)","whyChoose.benefits.writeWithConfidence.description","USED_IN_CODE_BUT_MISSING"
"(unknown)","whyChoose.benefits.saveTime.title","USED_IN_CODE_BUT_MISSING"
"(unknown)","whyChoose.benefits.saveTime.description","USED_IN_CODE_BUT_MISSING"
"(unknown)","whyChoose.benefits.breakBarriers.title","USED_IN_CODE_BUT_MISSING"
"(unknown)","whyChoose.benefits.breakBarriers.description","USED_IN_CODE_BUT_MISSING"
"(unknown)","testimonials.heading","USED_IN_CODE_BUT_MISSING"
"(unknown)","finalCTA.heading","USED_IN_CODE_BUT_MISSING"
"(unknown)","finalCTA.subheading","USED_IN_CODE_BUT_MISSING"
"(unknown)","finalCTA.button","USED_IN_CODE_BUT_MISSING"
"(unknown)","legal.terms.title","USED_IN_CODE_BUT_MISSING"
"(unknown)","legal.terms.lastUpdated","USED_IN_CODE_BUT_MISSING"
"(unknown)","legal.terms.s1.title","USED_IN_CODE_BUT_MISSING"
"(unknown)","legal.terms.s1.p1","USED_IN_CODE_BUT_MISSING"
"(unknown)","legal.terms.s2.title","USED_IN_CODE_BUT_MISSING"
"(unknown)","legal.terms.s2.p1","USED_IN_CODE_BUT_MISSING"
"(unknown)","legal.terms.s3.title","USED_IN_CODE_BUT_MISSING"
"(unknown)","legal.terms.s3.p1","USED_IN_CODE_BUT_MISSING"
"(unknown)","legal.terms.s4.title","USED_IN_CODE_BUT_MISSING"
"(unknown)","legal.terms.s4.p1","USED_IN_CODE_BUT_MISSING"
"(unknown)","legal.terms.s5.title","USED_IN_CODE_BUT_MISSING"
"(unknown)","legal.terms.s5.p1","USED_IN_CODE_BUT_MISSING"
"(unknown)","legal.terms.s6.title","USED_IN_CODE_BUT_MISSING"
"(unknown)","legal.terms.s6.p1","USED_IN_CODE_BUT_MISSING"
"(unknown)","legal.terms.s7.title","USED_IN_CODE_BUT_MISSING"
"(unknown)","legal.terms.s7.p1","USED_IN_CODE_BUT_MISSING"
"(unknown)","404.title","USED_IN_CODE_BUT_MISSING"
"(unknown)","404.subtitle","USED_IN_CODE_BUT_MISSING"
"(unknown)","404.home","USED_IN_CODE_BUT_MISSING"
"(unknown)","404.blog","USED_IN_CODE_BUT_MISSING"
"(unknown)","pricing.hero.preheadline","USED_IN_CODE_BUT_MISSING"
"(unknown)","pricing.hero.headline","USED_IN_CODE_BUT_MISSING"
"(unknown)","pricing.hero.subheadline","USED_IN_CODE_BUT_MISSING"
"(unknown)","pricing.trust.teachers","USED_IN_CODE_BUT_MISSING"
"(unknown)","pricing.trust.ferpa","USED_IN_CODE_BUT_MISSING"
"(unknown)","pricing.trust.cancel","USED_IN_CODE_BUT_MISSING"
"(unknown)","pricing.trust.noCard","USED_IN_CODE_BUT_MISSING"
"(unknown)","pricing.toggle.monthly","USED_IN_CODE_BUT_MISSING"
"(unknown)","pricing.toggle.annual","USED_IN_CODE_BUT_MISSING"
"(unknown)","pricing.toggle.save","USED_IN_CODE_BUT_MISSING"
"(unknown)","pricing.free.badge","USED_IN_CODE_BUT_MISSING"
"(unknown)","pricing.free.title","USED_IN_CODE_BUT_MISSING"
"(unknown)","pricing.free.description","USED_IN_CODE_BUT_MISSING"
"(unknown)","pricing.free.price","USED_IN_CODE_BUT_MISSING"
"(unknown)","pricing.free.period","USED_IN_CODE_BUT_MISSING"
"(unknown)","pricing.free.cta","USED_IN_CODE_BUT_MISSING"
"(unknown)","pricing.free.upgradeText","USED_IN_CODE_BUT_MISSING"
"(unknown)","pricing.free.featuresTitle","USED_IN_CODE_BUT_MISSING"
"(unknown)","pricing.free.limitation","USED_IN_CODE_BUT_MISSING"
"(unknown)","pricing.premium.badge","USED_IN_CODE_BUT_MISSING"
"(unknown)","pricing.premium.title","USED_IN_CODE_BUT_MISSING"
"(unknown)","pricing.premium.description","USED_IN_CODE_BUT_MISSING"
"(unknown)","pricing.premium.priceMonthly","USED_IN_CODE_BUT_MISSING"
"(unknown)","pricing.premium.priceAnnual","USED_IN_CODE_BUT_MISSING"
"(unknown)","pricing.premium.period","USED_IN_CODE_BUT_MISSING"
"(unknown)","pricing.premium.annualTotal","USED_IN_CODE_BUT_MISSING"
"(unknown)","pricing.premium.savings","USED_IN_CODE_BUT_MISSING"
"(unknown)","pricing.premium.cta","USED_IN_CODE_BUT_MISSING"
"(unknown)","pricing.premium.trial","USED_IN_CODE_BUT_MISSING"
"(unknown)","pricing.premium.guarantee","USED_IN_CODE_BUT_MISSING"
"(unknown)","pricing.premium.timeSaving","USED_IN_CODE_BUT_MISSING"
"(unknown)","pricing.premium.featuresTitle","USED_IN_CODE_BUT_MISSING"
"(unknown)","pricing.premium.roiTitle","USED_IN_CODE_BUT_MISSING"
"(unknown)","pricing.premium.roiText","USED_IN_CODE_BUT_MISSING"
"(unknown)","pricing.team.badge","USED_IN_CODE_BUT_MISSING"
"(unknown)","pricing.team.title","USED_IN_CODE_BUT_MISSING"
"(unknown)","pricing.team.description","USED_IN_CODE_BUT_MISSING"
"(unknown)","pricing.team.price","USED_IN_CODE_BUT_MISSING"
"(unknown)","pricing.team.period","USED_IN_CODE_BUT_MISSING"
"(unknown)","pricing.team.starting","USED_IN_CODE_BUT_MISSING"
"(unknown)","pricing.team.cta","USED_IN_CODE_BUT_MISSING"
"(unknown)","pricing.team.featuresTitle","USED_IN_CODE_BUT_MISSING"
"(unknown)","pricing.team.roi","USED_IN_CODE_BUT_MISSING"
"(unknown)","pricing.bundle.badge","USED_IN_CODE_BUT_MISSING"
"(unknown)","pricing.bundle.title","USED_IN_CODE_BUT_MISSING"
"(unknown)","pricing.bundle.description","USED_IN_CODE_BUT_MISSING"
"(unknown)","pricing.bundle.price","USED_IN_CODE_BUT_MISSING"
"(unknown)","pricing.bundle.originalPrice","USED_IN_CODE_BUT_MISSING"
"(unknown)","pricing.bundle.savings","USED_IN_CODE_BUT_MISSING"
"(unknown)","pricing.bundle.cta","USED_IN_CODE_BUT_MISSING"
"(unknown)","pricing.comparison.title","USED_IN_CODE_BUT_MISSING"
"(unknown)","pricing.comparison.features","USED_IN_CODE_BUT_MISSING"
"(unknown)","pricing.comparison.free","USED_IN_CODE_BUT_MISSING"
"(unknown)","pricing.comparison.premium","USED_IN_CODE_BUT_MISSING"
"(unknown)","pricing.comparison.popular","USED_IN_CODE_BUT_MISSING"
"(unknown)","pricing.comparison.team","USED_IN_CODE_BUT_MISSING"
"(unknown)","pricing.comparison.ctaFree","USED_IN_CODE_BUT_MISSING"
"(unknown)","pricing.comparison.ctaPremium","USED_IN_CODE_BUT_MISSING"
"(unknown)","pricing.comparison.ctaTeam","USED_IN_CODE_BUT_MISSING"
"(unknown)","pricing.decision.title","USED_IN_CODE_BUT_MISSING"
"(unknown)","pricing.decision.subtitle","USED_IN_CODE_BUT_MISSING"
"(unknown)","pricing.faq.title","USED_IN_CODE_BUT_MISSING"
"(unknown)","pricing.testimonials.title","USED_IN_CODE_BUT_MISSING"
"(unknown)","pricing.finalCta.title","USED_IN_CODE_BUT_MISSING"
"(unknown)","pricing.finalCta.subtitle","USED_IN_CODE_BUT_MISSING"
"(unknown)","pricing.finalCta.primary","USED_IN_CODE_BUT_MISSING"
"(unknown)","pricing.finalCta.secondary","USED_IN_CODE_BUT_MISSING"
"(unknown)","pricing.finalCta.trust","USED_IN_CODE_BUT_MISSING"
"(unknown)","products.draft.features.toneGuardrails.title","USED_IN_CODE_BUT_MISSING"
"(unknown)","products.draft.features.toneGuardrails.desc","USED_IN_CODE_BUT_MISSING"
"(unknown)","products.draft.features.translationChecks.title","USED_IN_CODE_BUT_MISSING"
"(unknown)","products.draft.features.translationChecks.desc","USED_IN_CODE_BUT_MISSING"
"(unknown)","products.draft.features.reviewSteps.title","USED_IN_CODE_BUT_MISSING"
"(unknown)","products.draft.features.reviewSteps.desc","USED_IN_CODE_BUT_MISSING"
"(unknown)","products.draft.howItWorks.step1.title","USED_IN_CODE_BUT_MISSING"
"(unknown)","products.draft.howItWorks.step1.desc","USED_IN_CODE_BUT_MISSING"
"(unknown)","products.draft.howItWorks.step2.title","USED_IN_CODE_BUT_MISSING"
"(unknown)","products.draft.howItWorks.step2.desc","USED_IN_CODE_BUT_MISSING"
"(unknown)","products.draft.howItWorks.step3.title","USED_IN_CODE_BUT_MISSING"
"(unknown)","products.draft.howItWorks.step3.desc","USED_IN_CODE_BUT_MISSING"
"(unknown)","products.draft.whoItsFor.item1","USED_IN_CODE_BUT_MISSING"
"(unknown)","products.draft.whoItsFor.item2","USED_IN_CODE_BUT_MISSING"
"(unknown)","products.draft.whoItsFor.item3","USED_IN_CODE_BUT_MISSING"
"(unknown)","nav.products","USED_IN_CODE_BUT_MISSING"
"(unknown)","products.draft.hero.eyebrow","USED_IN_CODE_BUT_MISSING"
"(unknown)","products.draft.hero.title","USED_IN_CODE_BUT_MISSING"
"(unknown)","products.draft.hero.subtitle","USED_IN_CODE_BUT_MISSING"
"(unknown)","products.draft.hero.cta.primary","USED_IN_CODE_BUT_MISSING"
"(unknown)","products.draft.hero.cta.secondary","USED_IN_CODE_BUT_MISSING"
"(unknown)","products.draft.turn.pain1","USED_IN_CODE_BUT_MISSING"
"(unknown)","products.draft.turn.pain2","USED_IN_CODE_BUT_MISSING"
"(unknown)","products.draft.turn.pain3","USED_IN_CODE_BUT_MISSING"
"(unknown)","products.draft.features.title","USED_IN_CODE_BUT_MISSING"
"(unknown)","products.draft.howItWorks.title","USED_IN_CODE_BUT_MISSING"
"(unknown)","products.draft.whoItsFor.title","USED_IN_CODE_BUT_MISSING"
"(unknown)","products.draft.change.title","USED_IN_CODE_BUT_MISSING"
"(unknown)","products.draft.techNote.title","USED_IN_CODE_BUT_MISSING"
"(unknown)","products.draft.techNote.body","USED_IN_CODE_BUT_MISSING"
"(unknown)","products.draft.social.title","USED_IN_CODE_BUT_MISSING"
"(unknown)","products.draft.social.quote1","USED_IN_CODE_BUT_MISSING"
"(unknown)","products.draft.social.author1","USED_IN_CODE_BUT_MISSING"
"(unknown)","products.draft.social.quote2","USED_IN_CODE_BUT_MISSING"
"(unknown)","products.draft.social.author2","USED_IN_CODE_BUT_MISSING"
"(unknown)","products.draft.cta.title","USED_IN_CODE_BUT_MISSING"
"(unknown)","products.draft.cta.subtitle","USED_IN_CODE_BUT_MISSING"
"(unknown)","products.draft.cta.primary","USED_IN_CODE_BUT_MISSING"
"(unknown)","products.draft.cta.secondary","USED_IN_CODE_BUT_MISSING"
"(unknown)","products.gradeflow.turn.pain1","USED_IN_CODE_BUT_MISSING"
"(unknown)","products.gradeflow.turn.pain2","USED_IN_CODE_BUT_MISSING"
"(unknown)","products.gradeflow.turn.pain3","USED_IN_CODE_BUT_MISSING"
"(unknown)","products.gradeflow.change.step1","USED_IN_CODE_BUT_MISSING"
"(unknown)","products.gradeflow.change.step2","USED_IN_CODE_BUT_MISSING"
"(unknown)","products.gradeflow.change.step3","USED_IN_CODE_BUT_MISSING"
"(unknown)","products.gradeflow.change.step4","USED_IN_CODE_BUT_MISSING"
"(unknown)","products.gradeflow.features.faster.title","USED_IN_CODE_BUT_MISSING"
"(unknown)","products.gradeflow.features.faster.desc","USED_IN_CODE_BUT_MISSING"
"(unknown)","products.gradeflow.features.fair.title","USED_IN_CODE_BUT_MISSING"
"(unknown)","products.gradeflow.features.fair.desc","USED_IN_CODE_BUT_MISSING"
"(unknown)","products.gradeflow.features.audit.title","USED_IN_CODE_BUT_MISSING"
"(unknown)","products.gradeflow.features.audit.desc","USED_IN_CODE_BUT_MISSING"
"(unknown)","products.gradeflow.social.quote1","USED_IN_CODE_BUT_MISSING"
"(unknown)","products.gradeflow.social.author1","USED_IN_CODE_BUT_MISSING"
"(unknown)","products.gradeflow.social.quote2","USED_IN_CODE_BUT_MISSING"
"(unknown)","products.gradeflow.social.author2","USED_IN_CODE_BUT_MISSING"
"(unknown)","products.gradeflow.hero.title","USED_IN_CODE_BUT_MISSING"
"(unknown)","products.gradeflow.hero.subtitle","USED_IN_CODE_BUT_MISSING"
"(unknown)","products.gradeflow.hero.cta","USED_IN_CODE_BUT_MISSING"
"(unknown)","products.gradeflow.change.title","USED_IN_CODE_BUT_MISSING"
"(unknown)","products.gradeflow.features.title","USED_IN_CODE_BUT_MISSING"
"(unknown)","products.gradeflow.social.title","USED_IN_CODE_BUT_MISSING"
"(unknown)","products.gradeflow.cta.title","USED_IN_CODE_BUT_MISSING"
"(unknown)","products.gradeflow.cta.button","USED_IN_CODE_BUT_MISSING"
"(unknown)","shield.hero.eyebrow","USED_IN_CODE_BUT_MISSING"
"(unknown)","shield.hero.title","USED_IN_CODE_BUT_MISSING"
"(unknown)","shield.hero.subtitle","USED_IN_CODE_BUT_MISSING"
"(unknown)","shield.hero.cta.primary","USED_IN_CODE_BUT_MISSING"
"(unknown)","shield.hero.cta.secondary","USED_IN_CODE_BUT_MISSING"
"(unknown)","shield.trust.gdpr","USED_IN_CODE_BUT_MISSING"
"(unknown)","shield.trust.ferpa","USED_IN_CODE_BUT_MISSING"
"(unknown)","shield.trust.schoolReady","USED_IN_CODE_BUT_MISSING"
"(unknown)","shield.problem.title","USED_IN_CODE_BUT_MISSING"
"(unknown)","shield.problem.card1.title","USED_IN_CODE_BUT_MISSING"
"(unknown)","shield.problem.card1.description","USED_IN_CODE_BUT_MISSING"
"(unknown)","shield.problem.card2.title","USED_IN_CODE_BUT_MISSING"
"(unknown)","shield.problem.card2.description","USED_IN_CODE_BUT_MISSING"
"(unknown)","shield.problem.card3.title","USED_IN_CODE_BUT_MISSING"
"(unknown)","shield.problem.card3.description","USED_IN_CODE_BUT_MISSING"
"(unknown)","shield.solution.title","USED_IN_CODE_BUT_MISSING"
"(unknown)","shield.solution.subtitle","USED_IN_CODE_BUT_MISSING"
"(unknown)","shield.solution.card1.title","USED_IN_CODE_BUT_MISSING"
"(unknown)","shield.solution.card1.description","USED_IN_CODE_BUT_MISSING"
"(unknown)","shield.solution.card2.title","USED_IN_CODE_BUT_MISSING"
"(unknown)","shield.solution.card2.description","USED_IN_CODE_BUT_MISSING"
"(unknown)","shield.solution.card3.title","USED_IN_CODE_BUT_MISSING"
"(unknown)","shield.solution.card3.description","USED_IN_CODE_BUT_MISSING"
"(unknown)","shield.solution.card4.title","USED_IN_CODE_BUT_MISSING"
"(unknown)","shield.solution.card4.description","USED_IN_CODE_BUT_MISSING"
"(unknown)","shield.solution.cta","USED_IN_CODE_BUT_MISSING"
"(unknown)","shield.howItWorks.title","USED_IN_CODE_BUT_MISSING"
"(unknown)","shield.howItWorks.step1.title","USED_IN_CODE_BUT_MISSING"
"(unknown)","shield.howItWorks.step1.description","USED_IN_CODE_BUT_MISSING"
"(unknown)","shield.howItWorks.step2.title","USED_IN_CODE_BUT_MISSING"
"(unknown)","shield.howItWorks.step2.description","USED_IN_CODE_BUT_MISSING"
"(unknown)","shield.howItWorks.step3.title","USED_IN_CODE_BUT_MISSING"
"(unknown)","shield.howItWorks.step3.description","USED_IN_CODE_BUT_MISSING"
"(unknown)","shield.howItWorks.cta","USED_IN_CODE_BUT_MISSING"
"(unknown)","shield.socialProof.title","USED_IN_CODE_BUT_MISSING"
"(unknown)","shield.socialProof.quote","USED_IN_CODE_BUT_MISSING"
"(unknown)","shield.socialProof.attribution","USED_IN_CODE_BUT_MISSING"
"(unknown)","shield.socialProof.role","USED_IN_CODE_BUT_MISSING"
"(unknown)","shield.useCases.title","USED_IN_CODE_BUT_MISSING"
"(unknown)","shield.useCases.card1.title","USED_IN_CODE_BUT_MISSING"
"(unknown)","shield.useCases.card1.description","USED_IN_CODE_BUT_MISSING"
"(unknown)","shield.useCases.card2.title","USED_IN_CODE_BUT_MISSING"
"(unknown)","shield.useCases.card2.description","USED_IN_CODE_BUT_MISSING"
"(unknown)","shield.useCases.card3.title","USED_IN_CODE_BUT_MISSING"
"(unknown)","shield.useCases.card3.description","USED_IN_CODE_BUT_MISSING"
"(unknown)","shield.comparison.title","USED_IN_CODE_BUT_MISSING"
"(unknown)","shield.comparison.feature","USED_IN_CODE_BUT_MISSING"
"(unknown)","shield.comparison.shield","USED_IN_CODE_BUT_MISSING"
"(unknown)","shield.comparison.manual","USED_IN_CODE_BUT_MISSING"
"(unknown)","shield.comparison.row1.feature","USED_IN_CODE_BUT_MISSING"
"(unknown)","shield.comparison.row1.shield","USED_IN_CODE_BUT_MISSING"
"(unknown)","shield.comparison.row1.manual","USED_IN_CODE_BUT_MISSING"
"(unknown)","shield.comparison.row2.feature","USED_IN_CODE_BUT_MISSING"
"(unknown)","shield.comparison.row2.shield","USED_IN_CODE_BUT_MISSING"
"(unknown)","shield.comparison.row2.manual","USED_IN_CODE_BUT_MISSING"
"(unknown)","shield.comparison.row3.feature","USED_IN_CODE_BUT_MISSING"
"(unknown)","shield.comparison.row3.shield","USED_IN_CODE_BUT_MISSING"
"(unknown)","shield.comparison.row3.manual","USED_IN_CODE_BUT_MISSING"
"(unknown)","shield.pricing.title","USED_IN_CODE_BUT_MISSING"
"(unknown)","shield.pricing.description","USED_IN_CODE_BUT_MISSING"
"(unknown)","shield.pricing.cta","USED_IN_CODE_BUT_MISSING"
"(unknown)","shield.finalCta.title","USED_IN_CODE_BUT_MISSING"
"(unknown)","shield.finalCta.subtitle","USED_IN_CODE_BUT_MISSING"
"(unknown)","shield.finalCta.primary","USED_IN_CODE_BUT_MISSING"
"(unknown)","shield.finalCta.secondary","USED_IN_CODE_BUT_MISSING"
"(unknown)","shield.finalCta.note","USED_IN_CODE_BUT_MISSING"
"(unknown)","products.teach.features.autoplanner.title","USED_IN_CODE_BUT_MISSING"
"(unknown)","products.teach.features.autoplanner.desc","USED_IN_CODE_BUT_MISSING"
"(unknown)","products.teach.features.curriculum.title","USED_IN_CODE_BUT_MISSING"
"(unknown)","products.teach.features.curriculum.desc","USED_IN_CODE_BUT_MISSING"
"(unknown)","products.teach.features.gamified.title","USED_IN_CODE_BUT_MISSING"
"(unknown)","products.teach.features.gamified.desc","USED_IN_CODE_BUT_MISSING"
"(unknown)","products.teach.howItWorks.step1.title","USED_IN_CODE_BUT_MISSING"
"(unknown)","products.teach.howItWorks.step1.desc","USED_IN_CODE_BUT_MISSING"
"(unknown)","products.teach.howItWorks.step2.title","USED_IN_CODE_BUT_MISSING"
"(unknown)","products.teach.howItWorks.step2.desc","USED_IN_CODE_BUT_MISSING"
"(unknown)","products.teach.howItWorks.step3.title","USED_IN_CODE_BUT_MISSING"
"(unknown)","products.teach.howItWorks.step3.desc","USED_IN_CODE_BUT_MISSING"
"(unknown)","products.teach.whoItsFor.item1","USED_IN_CODE_BUT_MISSING"
"(unknown)","products.teach.whoItsFor.item2","USED_IN_CODE_BUT_MISSING"
"(unknown)","products.teach.whoItsFor.item3","USED_IN_CODE_BUT_MISSING"
"(unknown)","products.teach.hero.eyebrow","USED_IN_CODE_BUT_MISSING"
"(unknown)","products.teach.hero.title","USED_IN_CODE_BUT_MISSING"
"(unknown)","products.teach.hero.subtitle","USED_IN_CODE_BUT_MISSING"
"(unknown)","products.teach.hero.cta.primary","USED_IN_CODE_BUT_MISSING"
"(unknown)","products.teach.hero.cta.secondary","USED_IN_CODE_BUT_MISSING"
"(unknown)","products.teach.turn.pain1","USED_IN_CODE_BUT_MISSING"
"(unknown)","products.teach.turn.pain2","USED_IN_CODE_BUT_MISSING"
"(unknown)","products.teach.turn.pain3","USED_IN_CODE_BUT_MISSING"
"(unknown)","products.teach.features.title","USED_IN_CODE_BUT_MISSING"
"(unknown)","products.teach.howItWorks.title","USED_IN_CODE_BUT_MISSING"
"(unknown)","products.teach.whoItsFor.title","USED_IN_CODE_BUT_MISSING"
"(unknown)","products.teach.change.title","USED_IN_CODE_BUT_MISSING"
"(unknown)","products.teach.social.title","USED_IN_CODE_BUT_MISSING"
"(unknown)","products.teach.social.quote1","USED_IN_CODE_BUT_MISSING"
"(unknown)","products.teach.social.author1","USED_IN_CODE_BUT_MISSING"
"(unknown)","products.teach.social.quote2","USED_IN_CODE_BUT_MISSING"
"(unknown)","products.teach.social.author2","USED_IN_CODE_BUT_MISSING"
"(unknown)","products.teach.cta.title","USED_IN_CODE_BUT_MISSING"
"(unknown)","products.teach.cta.subtitle","USED_IN_CODE_BUT_MISSING"
"(unknown)","products.teach.cta.primary","USED_IN_CODE_BUT_MISSING"
"(unknown)","products.teach.cta.secondary","USED_IN_CODE_BUT_MISSING"
"(unknown)","language","USED_IN_CODE_BUT_MISSING"
"(unknown)","referer","USED_IN_CODE_BUT_MISSING"
"(unknown)","x-pathname","USED_IN_CODE_BUT_MISSING"
"(unknown)","suite.hero.title","USED_IN_CODE_BUT_MISSING"
"(unknown)","suite.hero.subhead","USED_IN_CODE_BUT_MISSING"
"(unknown)","suite.trust.hallucinationSafe","USED_IN_CODE_BUT_MISSING"
"(unknown)","suite.trust.ferpa","USED_IN_CODE_BUT_MISSING"
"(unknown)","suite.trust.teachers","USED_IN_CODE_BUT_MISSING"
"(unknown)","suite.logos.title","USED_IN_CODE_BUT_MISSING"
"(unknown)","suite.logos.item1","USED_IN_CODE_BUT_MISSING"
"(unknown)","suite.logos.item2","USED_IN_CODE_BUT_MISSING"
"(unknown)","suite.logos.item3","USED_IN_CODE_BUT_MISSING"
"(unknown)","suite.logos.item4","USED_IN_CODE_BUT_MISSING"
"(unknown)","suite.logos.item5","USED_IN_CODE_BUT_MISSING"
"(unknown)","suite.teacherFirst.title","USED_IN_CODE_BUT_MISSING"
"(unknown)","suite.teacherFirst.body","USED_IN_CODE_BUT_MISSING"
"(unknown)","suite.screens.title","USED_IN_CODE_BUT_MISSING"
"(unknown)","suite.screens.caption","USED_IN_CODE_BUT_MISSING"
"(unknown)","suite.coreApps.title","USED_IN_CODE_BUT_MISSING"
"(unknown)","suite.teach.body","USED_IN_CODE_BUT_MISSING"
"(unknown)","suite.teach.li1","USED_IN_CODE_BUT_MISSING"
"(unknown)","suite.teach.li2","USED_IN_CODE_BUT_MISSING"
"(unknown)","suite.teach.li3","USED_IN_CODE_BUT_MISSING"
"(unknown)","suite.teach.cta","USED_IN_CODE_BUT_MISSING"
"(unknown)","suite.draft.body","USED_IN_CODE_BUT_MISSING"
"(unknown)","suite.draft.li1","USED_IN_CODE_BUT_MISSING"
"(unknown)","suite.draft.li2","USED_IN_CODE_BUT_MISSING"
"(unknown)","suite.draft.li3","USED_IN_CODE_BUT_MISSING"
"(unknown)","suite.draft.cta","USED_IN_CODE_BUT_MISSING"
"(unknown)","suite.gradeflow.body","USED_IN_CODE_BUT_MISSING"
"(unknown)","suite.gradeflow.li1","USED_IN_CODE_BUT_MISSING"
"(unknown)","suite.gradeflow.li2","USED_IN_CODE_BUT_MISSING"
"(unknown)","suite.gradeflow.li3","USED_IN_CODE_BUT_MISSING"
"(unknown)","suite.gradeflow.cta","USED_IN_CODE_BUT_MISSING"
"(unknown)","suite.shield.body","USED_IN_CODE_BUT_MISSING"
"(unknown)","suite.shield.li1","USED_IN_CODE_BUT_MISSING"
"(unknown)","suite.shield.li2","USED_IN_CODE_BUT_MISSING"
"(unknown)","suite.shield.li3","USED_IN_CODE_BUT_MISSING"
"(unknown)","suite.shield.cta","USED_IN_CODE_BUT_MISSING"
"(unknown)","suite.hiw.title","USED_IN_CODE_BUT_MISSING"
"(unknown)","suite.hiw.step1.title","USED_IN_CODE_BUT_MISSING"
"(unknown)","suite.hiw.step1.desc","USED_IN_CODE_BUT_MISSING"
"(unknown)","suite.hiw.step2.title","USED_IN_CODE_BUT_MISSING"
"(unknown)","suite.hiw.step2.desc","USED_IN_CODE_BUT_MISSING"
"(unknown)","suite.hiw.step3.title","USED_IN_CODE_BUT_MISSING"
"(unknown)","suite.hiw.step3.desc","USED_IN_CODE_BUT_MISSING"
"(unknown)","suite.testimonials.title","USED_IN_CODE_BUT_MISSING"
"(unknown)","suite.testimonials.1.author","USED_IN_CODE_BUT_MISSING"
"(unknown)","suite.testimonials.1.role","USED_IN_CODE_BUT_MISSING"
"(unknown)","suite.testimonials.1.quote","USED_IN_CODE_BUT_MISSING"
"(unknown)","suite.testimonials.2.author","USED_IN_CODE_BUT_MISSING"
"(unknown)","suite.testimonials.2.role","USED_IN_CODE_BUT_MISSING"
"(unknown)","suite.testimonials.2.quote","USED_IN_CODE_BUT_MISSING"
"(unknown)","suite.testimonials.3.author","USED_IN_CODE_BUT_MISSING"
"(unknown)","suite.testimonials.3.role","USED_IN_CODE_BUT_MISSING"
"(unknown)","suite.testimonials.3.quote","USED_IN_CODE_BUT_MISSING"
"(unknown)","suite.platform.title","USED_IN_CODE_BUT_MISSING"
"(unknown)","suite.platform.body","USED_IN_CODE_BUT_MISSING"
"(unknown)","suite.platform.li1","USED_IN_CODE_BUT_MISSING"
"(unknown)","suite.platform.li2","USED_IN_CODE_BUT_MISSING"
"(unknown)","suite.platform.li3","USED_IN_CODE_BUT_MISSING"
"(unknown)","suite.why.title","USED_IN_CODE_BUT_MISSING"
"(unknown)","suite.why.timeSaved","USED_IN_CODE_BUT_MISSING"
"(unknown)","suite.why.retention","USED_IN_CODE_BUT_MISSING"
"(unknown)","suite.why.safety","USED_IN_CODE_BUT_MISSING"
"(unknown)","suite.why.evidence","USED_IN_CODE_BUT_MISSING"
"(unknown)","suite.roadmap.title","USED_IN_CODE_BUT_MISSING"
"(unknown)","suite.roadmap.body","USED_IN_CODE_BUT_MISSING"
"(unknown)","suite.cta.title","USED_IN_CODE_BUT_MISSING"
"(unknown)","suite.cta.body","USED_IN_CODE_BUT_MISSING"
"(unknown)","suite.cta.primary","USED_IN_CODE_BUT_MISSING"
"(unknown)","suite.cta.secondary","USED_IN_CODE_BUT_MISSING"
"(unknown)","support.title","USED_IN_CODE_BUT_MISSING"
"(unknown)","support.intro","USED_IN_CODE_BUT_MISSING"
"(unknown)","support.email.title","USED_IN_CODE_BUT_MISSING"
"(unknown)","support.email.description","USED_IN_CODE_BUT_MISSING"
"(unknown)","support.email.response","USED_IN_CODE_BUT_MISSING"
"(unknown)","support.faq.title","USED_IN_CODE_BUT_MISSING"
"(unknown)","support.faq.description","USED_IN_CODE_BUT_MISSING"
"(unknown)","support.resources.title","USED_IN_CODE_BUT_MISSING"
"(unknown)","support.resources.description","USED_IN_CODE_BUT_MISSING"
"(unknown)","support.troubleshooting.title","USED_IN_CODE_BUT_MISSING"
"(unknown)","support.troubleshooting.login.title","USED_IN_CODE_BUT_MISSING"
"(unknown)","support.troubleshooting.login.description","USED_IN_CODE_BUT_MISSING"
"(unknown)","support.troubleshooting.email.title","USED_IN_CODE_BUT_MISSING"
"(unknown)","support.troubleshooting.email.description","USED_IN_CODE_BUT_MISSING"
"(unknown)","support.troubleshooting.subscription.title","USED_IN_CODE_BUT_MISSING"
"(unknown)","support.troubleshooting.subscription.description","USED_IN_CODE_BUT_MISSING"
"(unknown)","support.troubleshooting.browser.title","USED_IN_CODE_BUT_MISSING"
"(unknown)","support.troubleshooting.browser.description","USED_IN_CODE_BUT_MISSING"
"(unknown)","support.troubleshooting.bugs.title","USED_IN_CODE_BUT_MISSING"
"(unknown)","support.troubleshooting.bugs.description","USED_IN_CODE_BUT_MISSING"
"(unknown)","terms.back","USED_IN_CODE_BUT_MISSING"
"(unknown)","terms.title","USED_IN_CODE_BUT_MISSING"
"(unknown)","terms.company","USED_IN_CODE_BUT_MISSING"
"(unknown)","terms.lastUpdated","USED_IN_CODE_BUT_MISSING"
"(unknown)","terms.intro","USED_IN_CODE_BUT_MISSING"
"(unknown)","terms.s1.title","USED_IN_CODE_BUT_MISSING"
"(unknown)","terms.s1.content","USED_IN_CODE_BUT_MISSING"
"(unknown)","terms.s2.title","USED_IN_CODE_BUT_MISSING"
"(unknown)","terms.s2.content","USED_IN_CODE_BUT_MISSING"
"(unknown)","terms.s3.title","USED_IN_CODE_BUT_MISSING"
"(unknown)","terms.s3.item1","USED_IN_CODE_BUT_MISSING"
"(unknown)","terms.s3.item2","USED_IN_CODE_BUT_MISSING"
"(unknown)","terms.s3.item3","USED_IN_CODE_BUT_MISSING"
"(unknown)","terms.s4.title","USED_IN_CODE_BUT_MISSING"
"(unknown)","terms.s4.content","USED_IN_CODE_BUT_MISSING"
"(unknown)","terms.s5.title","USED_IN_CODE_BUT_MISSING"
"(unknown)","terms.s5.content","USED_IN_CODE_BUT_MISSING"
"(unknown)","terms.s6.title","USED_IN_CODE_BUT_MISSING"
"(unknown)","terms.s6.content","USED_IN_CODE_BUT_MISSING"
"(unknown)","terms.contact.text","USED_IN_CODE_BUT_MISSING"
"(unknown)","videos.hero.title","USED_IN_CODE_BUT_MISSING"
"(unknown)","videos.search.placeholder","USED_IN_CODE_BUT_MISSING"
"(unknown)","videos.section.all","USED_IN_CODE_BUT_MISSING"
"(unknown)","Share functionality would be implemented here","USED_IN_CODE_BUT_MISSING"
"(unknown)","webinars.hero.title","USED_IN_CODE_BUT_MISSING"
"(unknown)","webinars.search.placeholder","USED_IN_CODE_BUT_MISSING"
"(unknown)","webinars.categories.all","USED_IN_CODE_BUT_MISSING"
"(unknown)","webinars.sections.upcoming","USED_IN_CODE_BUT_MISSING"
"(unknown)","webinars.buttons.waitlistFull","USED_IN_CODE_BUT_MISSING"
"(unknown)","webinars.buttons.registerNow","USED_IN_CODE_BUT_MISSING"
"(unknown)","webinars.sections.ondemand","USED_IN_CODE_BUT_MISSING"