File,Line,Match
"app\ai-literacy\ai-literacy-client.tsx","268","Browse Courses"
"app\ai-literacy\ai-literacy-client.tsx","276","Get Certified"
"app\ai-literacy\ai-literacy-client.tsx","673","Continue Your AI Journey"
"app\ai-literacy\ai-literacy-client.tsx","674","Explore"
"app\ai-literacy\resources\resource-library-client.tsx","274","Browse Courses"
"app\ai-literacy\__backup_ai_literacy_client_20251026-011214.tsx","2","Browse Courses"
"app\ai-literacy\__backup_ai_literacy_client_20251026-011214.tsx","2","Get Certified"
"app\ai-literacy\__backup_ai_literacy_client_20251026-011214.tsx","2","What Teachers Are Saying"
"app\ai-literacy\__backup_ai_literacy_client_20251026-011214.tsx","2","Downloadable Resource Library"
"app\ai-literacy\__backup_ai_literacy_client_20251026-011214.tsx","2","Continue Your AI Journey"
"app\ai-literacy\__backup_ai_literacy_client_20251026-011214.tsx","2","Explore"
"app\best-ai-tool-parent-emails\best-ai-tool-client.tsx","129","Learn more"
"app\community\community-client.tsx","349","Trending Discussions"
"app\community\community-client.tsx","421","Discussion Categories"
"app\community\community-client.tsx","517","Community Guidelines"
"app\glossary\glossary-client.backup-1762555241695.tsx","693","Explore"
"app\glossary\glossary-client.tsx","692","Explore"
"app\state-of-ai-education\state-of-ai-client.tsx","582","Explore"
"app\state-of-ai-education\[year]\year-report-client.tsx","351","Explore"
"app\videos\video-hub-client.tsx","326","Featured Videos"
"app\videos\video-hub-client.tsx","376","Curated Playlists"
"app\videos\video-hub-client.tsx","14","All Videos"
"app\webinars\webinars-client.tsx","585","Explore"
"app\webinars\[slug]\webinar-detail-client.tsx","379","Explore"